node_id,risk_level,fraud_amount,fraud_type,location,age_group,education_level
S0001,中,10868076.29,短信诈骗,苏州,36-45,大专
S0002,低,15149987.78,投资理财诈骗,武汉,36-45,研究生及以上
S0003,低,6886914.45,投资理财诈骗,杭州,18-25,本科
S0004,中,56841680.75,兼职诈骗,成都,18-25,大专
S0005,中,21534660.75,色情诈骗,广州,46-55,本科
S0006,中,15725804.97,短信诈骗,杭州,36-45,研究生及以上
S0007,中,4353543.94,电话诈骗,杭州,26-35,本科
S0008,高,202407020.13,投资理财诈骗,苏州,46-55,研究生及以上
S0009,低,7482931.22,电话诈骗,武汉,46-55,高中
S0010,中,10370234.0,色情诈骗,重庆,46-55,研究生及以上
S0011,低,13704659.12,色情诈骗,苏州,46-55,初中及以下
S0012,低,26598599.91,兼职诈骗,上海,56+,高中
S0013,低,2433036.97,兼职诈骗,北京,18-25,初中及以下
S0014,中,67979914.84,投资理财诈骗,武汉,36-45,大专
S0015,中,80805267.82,兼职诈骗,重庆,26-35,初中及以下
S0016,低,23431829.61,网络诈骗,武汉,46-55,高中
S0017,高,287090729.11,兼职诈骗,广州,46-55,大专
S0018,中,10738243.14,短信诈骗,杭州,36-45,初中及以下
S0019,中,15150112.36,短信诈骗,成都,26-35,高中
S0020,中,14208117.68,短信诈骗,苏州,18-25,本科
S0021,中,15114612.68,兼职诈骗,深圳,56+,大专
S0022,中,50483820.51,投资理财诈骗,上海,26-35,研究生及以上
S0023,高,59477606.22,投资理财诈骗,深圳,36-45,高中
S0024,高,25419346.69,网络诈骗,苏州,18-25,初中及以下
S0025,高,236179150.62,网络诈骗,广州,36-45,初中及以下
S0026,中,24674175.2,网络诈骗,广州,26-35,本科
S0027,高,40761350.1,网络诈骗,深圳,18-25,初中及以下
S0028,高,37375995.29,投资理财诈骗,苏州,26-35,大专
S0029,中,35090836.89,色情诈骗,苏州,56+,初中及以下
S0030,中,387979282.12,色情诈骗,上海,56+,本科
S0031,中,286127739.44,短信诈骗,武汉,36-45,初中及以下
S0032,中,113237593.18,兼职诈骗,深圳,26-35,大专
S0033,低,7073074.11,短信诈骗,南京,56+,大专
S0034,中,48227839.82,短信诈骗,深圳,36-45,高中
S0035,中,63231118.53,投资理财诈骗,成都,18-25,高中
S0036,低,3242108.87,短信诈骗,成都,18-25,高中
S0037,低,7708722.77,投资理财诈骗,重庆,18-25,本科
S0038,中,57617804.6,电话诈骗,北京,46-55,研究生及以上
S0039,低,2609232.44,短信诈骗,广州,36-45,本科
S0040,低,36227728.15,网络诈骗,武汉,46-55,大专
S0041,低,21160703.47,色情诈骗,广州,18-25,大专
S0042,低,33174616.02,电话诈骗,上海,26-35,大专
S0043,中,68869326.76,网络诈骗,杭州,46-55,大专
S0044,中,12720470.77,网络诈骗,广州,56+,大专
S0045,低,36909889.05,色情诈骗,北京,46-55,初中及以下
S0046,高,113161614.46,兼职诈骗,广州,46-55,大专
S0047,中,5553668.87,色情诈骗,广州,46-55,初中及以下
S0048,低,8636203.53,兼职诈骗,北京,56+,大专
S0049,低,8860831.1,网络诈骗,广州,26-35,初中及以下
S0050,中,20541607.86,色情诈骗,重庆,36-45,高中
S0051,中,95119437.42,网络诈骗,武汉,18-25,初中及以下
S0052,中,34780980.1,兼职诈骗,重庆,26-35,大专
S0053,高,31750417.49,网络诈骗,深圳,56+,本科
S0054,中,40167423.31,色情诈骗,广州,46-55,高中
S0055,高,40670111.51,网络诈骗,重庆,56+,高中
S0056,低,11952873.14,网络诈骗,深圳,26-35,大专
S0057,高,314579602.06,投资理财诈骗,杭州,46-55,研究生及以上
S0058,高,75144130.53,色情诈骗,广州,46-55,研究生及以上
S0059,低,2977795.44,电话诈骗,苏州,26-35,研究生及以上
S0060,高,9027337.38,色情诈骗,苏州,18-25,本科
S0061,中,23652356.2,电话诈骗,南京,18-25,研究生及以上
S0062,高,48086915.02,兼职诈骗,苏州,56+,研究生及以上
S0063,中,15910327.49,兼职诈骗,南京,18-25,研究生及以上
S0064,高,18374012.03,兼职诈骗,北京,46-55,研究生及以上
S0065,中,32403540.39,投资理财诈骗,北京,56+,高中
S0066,中,13002194.78,兼职诈骗,深圳,26-35,本科
S0067,中,35030486.72,网络诈骗,武汉,56+,研究生及以上
S0068,高,691493629.26,电话诈骗,北京,46-55,大专
S0069,低,23294172.39,网络诈骗,北京,56+,大专
S0070,低,67225616.28,投资理财诈骗,广州,18-25,初中及以下
S0071,中,16924038.4,投资理财诈骗,上海,56+,大专
S0072,中,13868576.59,网络诈骗,重庆,56+,高中
S0073,中,9578097.47,投资理财诈骗,重庆,56+,高中
S0074,中,14484201.47,兼职诈骗,武汉,46-55,初中及以下
S0075,低,4807141.04,网络诈骗,武汉,36-45,初中及以下
S0076,中,18869158.97,投资理财诈骗,上海,18-25,研究生及以上
S0077,高,207520171.12,短信诈骗,成都,18-25,初中及以下
S0078,中,77911571.74,网络诈骗,南京,56+,大专
S0079,高,43797048.05,投资理财诈骗,深圳,36-45,高中
S0080,中,88387748.97,兼职诈骗,杭州,36-45,本科
S0081,中,105195518.82,网络诈骗,苏州,56+,研究生及以上
S0082,中,72920698.09,色情诈骗,重庆,56+,大专
S0083,低,4823984.97,投资理财诈骗,成都,26-35,高中
S0084,中,23958519.66,兼职诈骗,南京,56+,高中
S0085,中,6794108.93,兼职诈骗,北京,46-55,初中及以下
S0086,低,11918675.68,网络诈骗,深圳,46-55,本科
S0087,高,90176113.53,短信诈骗,重庆,26-35,大专
S0088,高,288938316.22,短信诈骗,上海,46-55,高中
S0089,中,63134535.79,网络诈骗,广州,56+,本科
S0090,低,18823838.56,投资理财诈骗,北京,18-25,初中及以下
S0091,高,70846082.67,短信诈骗,杭州,46-55,大专
S0092,中,88341866.58,网络诈骗,上海,18-25,初中及以下
S0093,中,284545248.51,色情诈骗,广州,18-25,大专
S0094,高,30676885.23,色情诈骗,武汉,46-55,研究生及以上
S0095,高,56437455.99,电话诈骗,上海,46-55,本科
S0096,中,8522006.98,投资理财诈骗,南京,18-25,初中及以下
S0097,中,58501789.26,兼职诈骗,广州,56+,高中
S0098,中,87202556.59,兼职诈骗,成都,26-35,高中
S0099,低,10231655.81,网络诈骗,上海,18-25,大专
S0100,中,24915463.63,网络诈骗,南京,36-45,大专
S0101,中,41115818.32,兼职诈骗,杭州,36-45,研究生及以上
S0102,中,20355153.79,兼职诈骗,杭州,26-35,高中
S0103,中,15769710.76,网络诈骗,广州,56+,研究生及以上
S0104,高,34522446.35,网络诈骗,北京,26-35,本科
S0105,高,65971382.07,色情诈骗,南京,36-45,大专
S0106,中,21578069.34,网络诈骗,南京,46-55,研究生及以上
S0107,高,99939980.38,兼职诈骗,杭州,26-35,大专
S0108,高,252887699.32,色情诈骗,上海,26-35,高中
S0109,中,13861675.75,电话诈骗,深圳,18-25,初中及以下
S0110,中,37118697.16,投资理财诈骗,苏州,26-35,大专
S0111,中,27195174.98,网络诈骗,重庆,18-25,本科
S0112,高,273289039.33,兼职诈骗,上海,56+,高中
S0113,中,8964213.1,短信诈骗,成都,36-45,本科
S0114,高,129092546.07,网络诈骗,广州,36-45,大专
S0115,中,21137027.46,短信诈骗,杭州,56+,高中
S0116,高,41066210.8,兼职诈骗,南京,56+,初中及以下
S0117,中,72511399.56,网络诈骗,重庆,56+,大专
S0118,高,49586415.36,网络诈骗,成都,36-45,研究生及以上
S0119,高,78963477.5,色情诈骗,重庆,46-55,高中
S0120,中,34238313.3,色情诈骗,武汉,36-45,大专
S0121,低,239362310.82,兼职诈骗,上海,26-35,大专
S0122,中,101218823.3,网络诈骗,苏州,56+,本科
S0123,高,22864703.21,电话诈骗,成都,18-25,研究生及以上
S0124,中,17172967.37,投资理财诈骗,重庆,36-45,初中及以下
S0125,中,35697409.99,电话诈骗,武汉,18-25,本科
S0126,高,27926409.23,网络诈骗,杭州,46-55,高中
S0127,中,32670821.99,色情诈骗,杭州,18-25,初中及以下
S0128,高,12843822.73,兼职诈骗,南京,46-55,大专
S0129,高,146692889.48,色情诈骗,南京,18-25,大专
S0130,低,12734331.33,电话诈骗,武汉,26-35,大专
S0131,低,4434454.42,投资理财诈骗,北京,46-55,初中及以下
S0132,中,62572975.21,色情诈骗,杭州,36-45,本科
S0133,中,5859883.58,电话诈骗,杭州,26-35,本科
S0134,高,228736564.81,电话诈骗,深圳,18-25,研究生及以上
S0135,高,61508967.25,色情诈骗,苏州,36-45,初中及以下
S0136,低,3956180.43,投资理财诈骗,上海,56+,大专
S0137,低,17941951.32,兼职诈骗,武汉,36-45,初中及以下
S0138,中,160427788.3,投资理财诈骗,广州,56+,研究生及以上
S0139,低,14715073.81,投资理财诈骗,成都,56+,高中
S0140,中,263251705.01,色情诈骗,广州,56+,初中及以下
S0141,中,6803640.88,网络诈骗,苏州,26-35,研究生及以上
S0142,低,11191459.68,短信诈骗,苏州,36-45,大专
S0143,中,13775657.91,兼职诈骗,北京,46-55,大专
S0144,中,22138915.8,色情诈骗,成都,18-25,研究生及以上
S0145,高,299055244.98,短信诈骗,重庆,18-25,研究生及以上
S0146,高,98779637.93,投资理财诈骗,武汉,46-55,研究生及以上
S0147,中,2521309.95,兼职诈骗,上海,36-45,大专
S0148,中,22469786.6,投资理财诈骗,重庆,36-45,大专
S0149,中,5578888.6,电话诈骗,重庆,56+,高中
S0150,中,147489080.22,投资理财诈骗,深圳,46-55,研究生及以上
S0151,低,4995927.52,投资理财诈骗,重庆,18-25,大专
S0152,中,52941005.31,网络诈骗,南京,36-45,初中及以下
S0153,高,69866195.64,兼职诈骗,成都,56+,初中及以下
S0154,高,197363760.92,网络诈骗,杭州,26-35,初中及以下
S0155,高,189168939.71,色情诈骗,上海,26-35,大专
S0156,中,25799163.74,网络诈骗,广州,18-25,本科
S0157,中,26226629.79,短信诈骗,南京,26-35,本科
S0158,高,132563711.92,网络诈骗,苏州,18-25,本科
S0159,中,99986354.87,兼职诈骗,武汉,18-25,初中及以下
S0160,中,39396086.59,色情诈骗,苏州,36-45,大专
S0161,中,21108645.36,网络诈骗,武汉,36-45,高中
S0162,高,7899179.83,短信诈骗,上海,26-35,本科
S0163,中,162296864.04,投资理财诈骗,北京,56+,大专
S0164,中,32452784.73,电话诈骗,广州,26-35,本科
S0165,低,8518842.82,网络诈骗,苏州,36-45,大专
S0166,中,92019122.7,色情诈骗,成都,56+,大专
S0167,低,61298496.57,短信诈骗,武汉,36-45,本科
S0168,低,17116890.46,色情诈骗,杭州,26-35,高中
S0169,高,91559591.35,投资理财诈骗,上海,26-35,初中及以下
S0170,低,3151832.29,投资理财诈骗,重庆,26-35,大专
S0171,中,70390717.33,色情诈骗,成都,26-35,研究生及以上
S0172,高,16084123.45,投资理财诈骗,重庆,46-55,初中及以下
S0173,低,29105298.33,网络诈骗,上海,36-45,初中及以下
S0174,高,64065036.27,电话诈骗,成都,18-25,大专
S0175,中,99557473.04,色情诈骗,上海,56+,高中
S0176,中,104494579.95,色情诈骗,上海,18-25,研究生及以上
S0177,中,20667493.61,电话诈骗,南京,56+,大专
S0178,低,18653521.58,色情诈骗,武汉,26-35,本科
S0179,中,522419949.21,网络诈骗,重庆,56+,本科
S0180,中,26629624.58,色情诈骗,上海,46-55,大专
S0181,高,76559241.44,兼职诈骗,杭州,36-45,大专
S0182,中,26447677.76,网络诈骗,苏州,36-45,高中
S0183,中,5714021.05,投资理财诈骗,广州,36-45,本科
S0184,高,58379396.68,色情诈骗,上海,18-25,高中
S0185,中,9296967.93,网络诈骗,成都,56+,大专
S0186,中,8745716.19,网络诈骗,苏州,36-45,大专
S0187,高,177076125.29,网络诈骗,北京,26-35,初中及以下
S0188,中,18233221.39,投资理财诈骗,武汉,36-45,研究生及以上
S0189,中,76356049.9,网络诈骗,上海,18-25,本科
S0190,高,259522217.92,电话诈骗,成都,56+,高中
S0191,高,101542276.48,电话诈骗,杭州,26-35,研究生及以上
S0192,中,40666209.59,短信诈骗,武汉,26-35,大专
S0193,低,34061474.92,短信诈骗,上海,36-45,高中
S0194,中,30486807.69,色情诈骗,武汉,36-45,本科
S0195,高,82515881.79,电话诈骗,苏州,46-55,初中及以下
S0196,中,20470016.54,色情诈骗,成都,56+,高中
S0197,中,90726258.84,电话诈骗,苏州,36-45,高中
S0198,低,9050647.85,短信诈骗,苏州,56+,研究生及以上
S0199,中,443817957.34,投资理财诈骗,成都,26-35,初中及以下
S0200,中,17241838.22,投资理财诈骗,杭州,18-25,初中及以下
S0201,高,17225769.66,投资理财诈骗,上海,56+,初中及以下
S0202,高,26369421.52,兼职诈骗,成都,18-25,初中及以下
S0203,中,88414167.94,色情诈骗,武汉,36-45,研究生及以上
S0204,低,8891614.99,投资理财诈骗,深圳,36-45,本科
S0205,低,20434775.6,色情诈骗,重庆,36-45,高中
S0206,中,19965491.3,网络诈骗,北京,26-35,大专
S0207,低,18437200.57,网络诈骗,成都,36-45,本科
S0208,低,36353100.75,兼职诈骗,重庆,36-45,高中
S0209,中,309013361.21,兼职诈骗,成都,18-25,本科
S0210,中,16975503.7,电话诈骗,成都,36-45,大专
S0211,高,87945948.17,网络诈骗,杭州,36-45,大专
S0212,高,92324892.8,投资理财诈骗,南京,36-45,研究生及以上
S0213,高,114654671.61,兼职诈骗,杭州,56+,初中及以下
S0214,高,68698998.25,兼职诈骗,广州,26-35,大专
S0215,中,65339798.27,兼职诈骗,北京,36-45,本科
S0216,低,69811926.8,短信诈骗,成都,56+,大专
S0217,高,26117029.12,兼职诈骗,重庆,18-25,大专
S0218,低,19954732.82,电话诈骗,重庆,36-45,研究生及以上
S0219,中,47769298.29,色情诈骗,苏州,26-35,研究生及以上
S0220,中,22295191.26,网络诈骗,成都,18-25,高中
S0221,中,147354842.81,色情诈骗,广州,26-35,初中及以下
S0222,低,13636199.23,投资理财诈骗,杭州,56+,本科
S0223,高,107907737.69,网络诈骗,重庆,18-25,高中
S0224,高,36128310.08,电话诈骗,上海,56+,本科
S0225,中,47694309.63,兼职诈骗,北京,36-45,大专
S0226,中,19529076.19,电话诈骗,上海,26-35,研究生及以上
S0227,低,40356693.81,短信诈骗,深圳,26-35,本科
S0228,中,36796020.43,短信诈骗,广州,18-25,本科
S0229,高,101666439.55,兼职诈骗,深圳,36-45,初中及以下
S0230,中,42140846.39,短信诈骗,北京,26-35,本科
S0231,中,15141028.45,网络诈骗,成都,46-55,高中
S0232,低,20890350.72,短信诈骗,武汉,46-55,初中及以下
S0233,低,22349704.1,色情诈骗,上海,46-55,大专
S0234,中,68050488.62,投资理财诈骗,杭州,46-55,高中
S0235,中,30203993.02,色情诈骗,苏州,18-25,本科
S0236,高,278933729.56,网络诈骗,南京,18-25,本科
S0237,高,13456366.8,短信诈骗,北京,56+,高中
S0238,中,58114249.48,电话诈骗,南京,36-45,研究生及以上
S0239,中,84568168.14,网络诈骗,北京,46-55,初中及以下
S0240,中,76993682.56,色情诈骗,南京,46-55,本科
S0241,中,35170672.31,网络诈骗,北京,56+,本科
S0242,中,15138419.08,电话诈骗,南京,26-35,高中
S0243,低,6723673.95,网络诈骗,武汉,36-45,研究生及以上
S0244,中,21172994.13,色情诈骗,成都,18-25,初中及以下
S0245,中,48958499.02,色情诈骗,深圳,36-45,大专
S0246,低,21770212.16,投资理财诈骗,南京,26-35,高中
S0247,中,178280496.06,投资理财诈骗,苏州,46-55,研究生及以上
S0248,中,20851260.14,短信诈骗,重庆,36-45,本科
S0249,中,27430439.41,短信诈骗,上海,26-35,大专
S0250,高,187470628.57,网络诈骗,广州,46-55,高中
S0251,中,21876143.61,网络诈骗,苏州,46-55,初中及以下
S0252,低,2683539.32,电话诈骗,武汉,46-55,研究生及以上
S0253,中,6930299.07,兼职诈骗,上海,46-55,高中
S0254,中,244556638.32,投资理财诈骗,南京,26-35,大专
S0255,中,144640330.1,网络诈骗,广州,26-35,本科
S0256,低,43780516.72,电话诈骗,上海,56+,研究生及以上
S0257,高,27031135.28,兼职诈骗,武汉,18-25,本科
S0258,中,28737542.06,色情诈骗,北京,36-45,初中及以下
S0259,低,24689811.42,网络诈骗,武汉,46-55,本科
S0260,低,3168731.92,短信诈骗,重庆,36-45,高中
S0261,中,13608733.67,兼职诈骗,深圳,36-45,本科
S0262,中,50493784.43,色情诈骗,深圳,46-55,初中及以下
S0263,中,54681504.42,网络诈骗,北京,46-55,本科
S0264,低,1277900.24,色情诈骗,深圳,26-35,高中
S0265,高,19173236.31,兼职诈骗,杭州,36-45,研究生及以上
S0266,高,123978229.49,短信诈骗,重庆,46-55,研究生及以上
S0267,中,7051535.08,短信诈骗,上海,46-55,本科
S0268,高,109320735.86,色情诈骗,深圳,26-35,高中
S0269,中,22271057.87,兼职诈骗,南京,56+,高中
S0270,中,21551042.76,电话诈骗,重庆,26-35,高中
S0271,中,40399155.28,投资理财诈骗,武汉,18-25,本科
S0272,中,94477737.54,短信诈骗,杭州,56+,初中及以下
S0273,高,180548525.86,网络诈骗,杭州,56+,初中及以下
S0274,高,51340348.64,电话诈骗,南京,46-55,大专
S0275,低,22659151.59,短信诈骗,北京,18-25,研究生及以上
S0276,中,62371395.28,投资理财诈骗,重庆,56+,大专
S0277,中,6993511.3,网络诈骗,广州,46-55,高中
S0278,中,24390015.4,色情诈骗,重庆,26-35,初中及以下
S0279,中,35052675.75,色情诈骗,杭州,56+,高中
S0280,高,203766358.44,兼职诈骗,上海,56+,本科
S0281,中,91849446.13,色情诈骗,上海,46-55,大专
S0282,中,3713591.05,兼职诈骗,苏州,36-45,研究生及以上
S0283,低,12222746.03,投资理财诈骗,杭州,56+,大专
S0284,高,62070068.36,兼职诈骗,深圳,56+,本科
S0285,中,35005507.8,电话诈骗,深圳,26-35,高中
S0286,高,142667216.52,投资理财诈骗,重庆,18-25,大专
S0287,高,91851468.07,网络诈骗,重庆,56+,高中
S0288,低,16345020.34,投资理财诈骗,深圳,18-25,本科
S0289,高,105934220.79,色情诈骗,南京,56+,本科
S0290,高,75949786.53,网络诈骗,重庆,26-35,初中及以下
S0291,低,8362641.26,电话诈骗,杭州,46-55,高中
S0292,中,70041352.4,投资理财诈骗,苏州,26-35,初中及以下
S0293,高,28660215.93,电话诈骗,杭州,18-25,大专
S0294,低,94089519.88,网络诈骗,苏州,56+,初中及以下
S0295,高,22815847.59,短信诈骗,重庆,18-25,研究生及以上
S0296,中,15762960.43,色情诈骗,成都,26-35,大专
S0297,中,17812441.07,兼职诈骗,苏州,18-25,初中及以下
S0298,高,440253806.17,投资理财诈骗,广州,46-55,高中
S0299,中,39127826.12,投资理财诈骗,武汉,56+,初中及以下
S0300,中,42490516.67,网络诈骗,武汉,18-25,大专
S0301,中,11884968.49,投资理财诈骗,上海,46-55,研究生及以上
S0302,高,528901880.4,兼职诈骗,武汉,26-35,大专
S0303,中,10227770.02,色情诈骗,上海,46-55,高中
S0304,中,9623824.36,短信诈骗,上海,46-55,本科
S0305,高,73799174.68,网络诈骗,苏州,26-35,初中及以下
S0306,低,16071684.56,投资理财诈骗,北京,46-55,本科
S0307,中,13256803.91,短信诈骗,武汉,56+,本科
S0308,低,8305491.82,投资理财诈骗,北京,18-25,研究生及以上
S0309,高,149030887.97,网络诈骗,杭州,46-55,本科
S0310,中,16633034.59,色情诈骗,深圳,18-25,高中
S0311,中,7108264.27,网络诈骗,成都,18-25,大专
S0312,低,3348287.32,色情诈骗,苏州,26-35,本科
S0313,低,17255112.97,色情诈骗,杭州,46-55,高中
S0314,中,19437461.44,网络诈骗,重庆,26-35,研究生及以上
S0315,中,58332000.44,投资理财诈骗,成都,56+,大专
S0316,高,120355651.62,电话诈骗,广州,26-35,本科
S0317,中,37372685.45,兼职诈骗,南京,18-25,本科
S0318,中,67166300.87,网络诈骗,南京,56+,本科
S0319,中,11388409.94,兼职诈骗,上海,56+,高中
S0320,中,24348862.28,投资理财诈骗,深圳,26-35,研究生及以上
S0321,高,19710712.44,色情诈骗,上海,46-55,大专
S0322,中,60197965.68,兼职诈骗,广州,26-35,高中
S0323,高,340476350.89,网络诈骗,苏州,36-45,初中及以下
S0324,高,59833415.93,网络诈骗,广州,46-55,初中及以下
S0325,中,7123585.66,投资理财诈骗,深圳,46-55,高中
S0326,高,164562799.78,投资理财诈骗,广州,36-45,本科
S0327,中,22010235.4,兼职诈骗,苏州,26-35,大专
S0328,中,10333620.16,色情诈骗,杭州,26-35,高中
S0329,高,14269460.74,电话诈骗,上海,56+,研究生及以上
S0330,高,185640450.84,兼职诈骗,深圳,18-25,大专
S0331,高,65414313.69,兼职诈骗,重庆,46-55,高中
S0332,中,303727601.87,投资理财诈骗,上海,36-45,初中及以下
S0333,中,24303368.07,电话诈骗,北京,18-25,初中及以下
S0334,中,92191147.38,网络诈骗,北京,26-35,本科
S0335,高,91472081.57,投资理财诈骗,武汉,56+,本科
S0336,中,27965896.79,电话诈骗,武汉,36-45,初中及以下
S0337,中,34114208.81,短信诈骗,杭州,46-55,初中及以下
S0338,中,15553597.44,兼职诈骗,武汉,18-25,大专
S0339,中,29215398.2,网络诈骗,杭州,46-55,研究生及以上
S0340,中,36302596.62,色情诈骗,深圳,36-45,本科
S0341,中,11597607.73,短信诈骗,重庆,56+,研究生及以上
S0342,中,56506890.23,电话诈骗,南京,46-55,初中及以下
S0343,高,121266197.74,电话诈骗,上海,36-45,初中及以下
S0344,高,245185703.28,投资理财诈骗,成都,18-25,初中及以下
S0345,中,17360397.37,电话诈骗,南京,56+,研究生及以上
S0346,低,27852916.11,投资理财诈骗,上海,36-45,高中
S0347,中,11622009.08,投资理财诈骗,重庆,18-25,高中
S0348,低,1541476.85,色情诈骗,深圳,56+,本科
S0349,高,89860970.84,短信诈骗,重庆,18-25,本科
S0350,低,24899177.06,电话诈骗,杭州,56+,研究生及以上
S0351,低,15984080.37,投资理财诈骗,南京,36-45,初中及以下
S0352,低,54501044.99,兼职诈骗,上海,26-35,研究生及以上
S0353,中,9990279.77,投资理财诈骗,南京,36-45,研究生及以上
S0354,中,31752482.91,短信诈骗,南京,36-45,研究生及以上
S0355,高,179973438.75,兼职诈骗,武汉,26-35,高中
S0356,高,81116281.29,网络诈骗,杭州,36-45,初中及以下
S0357,高,84426016.39,电话诈骗,成都,26-35,研究生及以上
S0358,中,27120239.4,短信诈骗,上海,18-25,研究生及以上
S0359,中,109355580.69,电话诈骗,南京,46-55,初中及以下
S0360,高,71803808.94,网络诈骗,上海,56+,初中及以下
S0361,中,62299348.74,色情诈骗,武汉,36-45,研究生及以上
S0362,高,106286959.24,兼职诈骗,深圳,46-55,高中
S0363,低,2014252.87,兼职诈骗,南京,56+,高中
S0364,中,141869211.74,投资理财诈骗,成都,56+,本科
S0365,中,34013469.28,短信诈骗,武汉,56+,高中
S0366,中,96836497.98,投资理财诈骗,武汉,26-35,高中
S0367,中,12248053.04,兼职诈骗,重庆,56+,本科
S0368,中,48598575.13,兼职诈骗,深圳,18-25,初中及以下
S0369,高,106795585.33,短信诈骗,成都,46-55,研究生及以上
S0370,高,16867606.16,色情诈骗,深圳,46-55,大专
S0371,中,44767845.11,电话诈骗,上海,36-45,研究生及以上
S0372,中,8339625.31,色情诈骗,南京,56+,初中及以下
S0373,低,7298556.35,兼职诈骗,杭州,46-55,初中及以下
S0374,中,56062025.44,兼职诈骗,深圳,26-35,本科
S0375,高,50230813.47,投资理财诈骗,武汉,18-25,本科
S0376,高,24325963.87,投资理财诈骗,重庆,46-55,大专
S0377,高,22682788.38,网络诈骗,南京,46-55,初中及以下
S0378,中,4764492.83,短信诈骗,深圳,26-35,高中
S0379,中,8881336.17,短信诈骗,苏州,26-35,大专
S0380,低,3683251.51,兼职诈骗,重庆,26-35,本科
S0381,中,29761883.06,兼职诈骗,上海,56+,大专
S0382,中,348378693.45,兼职诈骗,武汉,18-25,大专
S0383,中,17999864.5,网络诈骗,苏州,18-25,初中及以下
S0384,低,56172138.46,兼职诈骗,上海,46-55,高中
S0385,中,41972653.37,电话诈骗,南京,26-35,初中及以下
S0386,中,137969699.45,兼职诈骗,上海,18-25,高中
S0387,高,58421197.5,色情诈骗,武汉,46-55,大专
S0388,中,101187251.33,短信诈骗,北京,56+,本科
S0389,中,73196534.85,兼职诈骗,南京,46-55,本科
S0390,高,148384949.74,兼职诈骗,成都,26-35,本科
S0391,中,79903495.98,网络诈骗,重庆,46-55,大专
S0392,高,61131043.41,投资理财诈骗,苏州,18-25,大专
S0393,中,37002306.17,投资理财诈骗,成都,46-55,研究生及以上
S0394,中,7841513.39,网络诈骗,武汉,26-35,高中
S0395,中,9668850.32,短信诈骗,广州,36-45,高中
S0396,高,81744771.3,色情诈骗,北京,46-55,初中及以下
S0397,高,256450369.97,短信诈骗,杭州,46-55,大专
S0398,低,4975555.45,投资理财诈骗,苏州,18-25,研究生及以上
S0399,低,34737890.05,投资理财诈骗,南京,26-35,大专
S0400,高,276773377.87,短信诈骗,杭州,18-25,大专
S0401,中,58988529.06,色情诈骗,杭州,36-45,研究生及以上
S0402,中,45764383.96,网络诈骗,深圳,26-35,大专
S0403,中,8756298.9,电话诈骗,南京,36-45,本科
S0404,中,97601067.04,电话诈骗,杭州,46-55,高中
S0405,高,37546202.2,网络诈骗,广州,26-35,高中
S0406,中,21911271.18,色情诈骗,北京,56+,本科
S0407,中,34317666.0,投资理财诈骗,上海,26-35,大专
S0408,中,37835749.94,投资理财诈骗,苏州,18-25,本科
S0409,高,39712332.0,短信诈骗,深圳,26-35,初中及以下
S0410,高,143794939.08,兼职诈骗,广州,18-25,研究生及以上
S0411,中,46540468.64,网络诈骗,苏州,18-25,大专
S0412,高,82345733.23,电话诈骗,广州,18-25,大专
S0413,高,45219440.32,色情诈骗,南京,46-55,研究生及以上
S0414,中,10580809.02,短信诈骗,广州,36-45,本科
S0415,高,44045888.83,色情诈骗,苏州,18-25,大专
S0416,低,10295493.8,短信诈骗,重庆,36-45,初中及以下
S0417,低,11449695.12,网络诈骗,苏州,18-25,本科
S0418,中,38552681.66,投资理财诈骗,武汉,56+,研究生及以上
S0419,高,12069144.27,色情诈骗,杭州,36-45,初中及以下
S0420,高,112074075.87,色情诈骗,成都,46-55,大专
S0421,低,16901637.37,色情诈骗,南京,18-25,研究生及以上
S0422,低,27064780.07,色情诈骗,广州,36-45,高中
S0423,中,9696611.2,兼职诈骗,广州,46-55,初中及以下
S0424,中,72515509.99,网络诈骗,成都,46-55,大专
S0425,低,13312176.69,兼职诈骗,苏州,46-55,本科
S0426,中,89905212.57,网络诈骗,广州,26-35,本科
S0427,中,165668381.27,投资理财诈骗,成都,56+,大专
S0428,高,246108245.93,投资理财诈骗,深圳,46-55,研究生及以上
S0429,低,4495598.17,短信诈骗,苏州,18-25,初中及以下
S0430,高,26048907.15,色情诈骗,南京,18-25,高中
S0431,中,17920418.09,短信诈骗,重庆,18-25,初中及以下
S0432,中,31838397.57,网络诈骗,广州,36-45,研究生及以上
S0433,中,86520272.33,网络诈骗,北京,36-45,本科
S0434,高,702450459.88,电话诈骗,苏州,56+,研究生及以上
S0435,中,5065928.1,色情诈骗,成都,18-25,研究生及以上
S0436,高,74134654.04,网络诈骗,武汉,56+,大专
S0437,低,7122559.92,短信诈骗,广州,36-45,研究生及以上
S0438,低,11803446.92,兼职诈骗,北京,46-55,大专
S0439,中,43156648.31,投资理财诈骗,北京,56+,高中
S0440,低,18316871.29,电话诈骗,杭州,18-25,大专
S0441,高,148644963.17,网络诈骗,深圳,26-35,高中
S0442,高,112846724.86,色情诈骗,北京,46-55,高中
S0443,高,204975814.88,网络诈骗,北京,46-55,高中
S0444,中,297914940.05,网络诈骗,苏州,26-35,研究生及以上
S0445,中,107113062.38,电话诈骗,上海,36-45,初中及以下
S0446,中,5834136.68,投资理财诈骗,广州,46-55,大专
S0447,中,119081573.53,色情诈骗,武汉,26-35,初中及以下
S0448,中,37135716.35,投资理财诈骗,广州,36-45,初中及以下
S0449,高,146805866.97,色情诈骗,北京,18-25,初中及以下
S0450,高,54325633.62,兼职诈骗,南京,36-45,高中
S0451,中,35829540.25,色情诈骗,重庆,46-55,本科
S0452,中,14771788.34,短信诈骗,广州,46-55,本科
S0453,低,1785662.71,电话诈骗,成都,46-55,本科
S0454,中,16519194.4,电话诈骗,武汉,46-55,研究生及以上
S0455,中,28310826.98,电话诈骗,上海,46-55,大专
S0456,中,50819620.04,短信诈骗,北京,18-25,研究生及以上
S0457,中,43361978.77,色情诈骗,北京,46-55,初中及以下
S0458,高,210391032.28,兼职诈骗,武汉,36-45,大专
S0459,低,7118604.08,色情诈骗,重庆,36-45,高中
S0460,中,29609641.22,兼职诈骗,杭州,26-35,研究生及以上
S0461,低,2705646.53,短信诈骗,苏州,46-55,高中
S0462,低,2575213.37,网络诈骗,深圳,18-25,研究生及以上
S0463,低,153242552.63,兼职诈骗,南京,56+,大专
S0464,低,1810299.08,短信诈骗,重庆,26-35,研究生及以上
S0465,高,55852438.78,投资理财诈骗,杭州,46-55,大专
S0466,中,20606761.53,短信诈骗,北京,46-55,研究生及以上
S0467,中,26907975.71,短信诈骗,北京,36-45,本科
S0468,中,340996907.82,色情诈骗,成都,26-35,大专
S0469,高,41493905.16,网络诈骗,杭州,46-55,大专
S0470,高,59436508.3,短信诈骗,杭州,26-35,大专
S0471,中,19149255.36,色情诈骗,苏州,46-55,研究生及以上
S0472,中,31458727.72,投资理财诈骗,成都,26-35,本科
S0473,低,11222019.16,投资理财诈骗,深圳,26-35,本科
S0474,高,127048498.3,网络诈骗,武汉,36-45,大专
S0475,低,43024572.36,兼职诈骗,上海,46-55,大专
S0476,中,14385314.88,投资理财诈骗,苏州,56+,大专
S0477,高,212016272.52,短信诈骗,南京,36-45,大专
S0478,高,53860750.95,色情诈骗,苏州,26-35,研究生及以上
S0479,高,71511415.43,色情诈骗,杭州,46-55,高中
S0480,中,97246933.51,短信诈骗,武汉,18-25,大专
S0481,低,28566153.87,色情诈骗,苏州,36-45,初中及以下
S0482,中,55190743.51,兼职诈骗,北京,56+,研究生及以上
S0483,中,66341303.69,网络诈骗,深圳,36-45,高中
S0484,高,215575422.41,网络诈骗,上海,46-55,大专
S0485,中,36763188.15,兼职诈骗,上海,56+,研究生及以上
S0486,高,57747983.47,色情诈骗,上海,18-25,高中
S0487,中,27618873.31,电话诈骗,重庆,56+,本科
S0488,低,11960508.21,短信诈骗,武汉,36-45,研究生及以上
S0489,中,39245280.76,色情诈骗,杭州,56+,研究生及以上
S0490,高,219968490.42,短信诈骗,成都,18-25,初中及以下
S0491,中,28815877.99,投资理财诈骗,武汉,46-55,本科
S0492,中,98252958.83,色情诈骗,上海,46-55,本科
S0493,中,55783656.88,投资理财诈骗,苏州,26-35,本科
S0494,中,5809702.45,色情诈骗,上海,26-35,高中
S0495,中,17129450.41,网络诈骗,北京,26-35,研究生及以上
S0496,高,14189283.7,色情诈骗,南京,18-25,高中
S0497,中,53383263.12,兼职诈骗,成都,18-25,大专
S0498,高,55532607.35,短信诈骗,上海,46-55,本科
S0499,中,28165991.28,网络诈骗,南京,46-55,大专
S0500,高,170005140.54,电话诈骗,苏州,26-35,研究生及以上
S0501,中,137065369.99,电话诈骗,苏州,56+,研究生及以上
S0502,低,27807699.5,兼职诈骗,北京,46-55,大专
S0503,低,3833240.48,兼职诈骗,深圳,36-45,大专
S0504,中,95220416.01,电话诈骗,北京,56+,本科
S0505,低,4066836.74,色情诈骗,广州,46-55,初中及以下
S0506,高,62135267.09,网络诈骗,上海,56+,研究生及以上
S0507,中,14390092.42,色情诈骗,南京,18-25,本科
S0508,中,136285731.69,兼职诈骗,上海,18-25,本科
S0509,中,96823115.75,兼职诈骗,武汉,18-25,本科
S0510,高,16813001.17,短信诈骗,广州,56+,初中及以下
S0511,低,13859483.79,兼职诈骗,重庆,56+,研究生及以上
S0512,低,48375023.66,电话诈骗,南京,18-25,本科
S0513,低,21287688.25,投资理财诈骗,武汉,56+,大专
S0514,低,8361077.03,电话诈骗,重庆,18-25,本科
S0515,中,13899368.29,投资理财诈骗,重庆,46-55,大专
S0516,中,16094321.23,电话诈骗,成都,26-35,研究生及以上
S0517,高,73164717.61,投资理财诈骗,成都,46-55,大专
S0518,中,155513101.27,兼职诈骗,苏州,46-55,大专
S0519,高,78586401.38,网络诈骗,武汉,56+,大专
S0520,中,42168058.51,短信诈骗,成都,56+,高中
S0521,中,16294908.47,投资理财诈骗,重庆,46-55,高中
S0522,低,10552826.57,兼职诈骗,武汉,46-55,高中
S0523,中,143743520.11,网络诈骗,重庆,46-55,高中
S0524,低,15249234.41,网络诈骗,重庆,36-45,研究生及以上
S0525,高,67507534.97,投资理财诈骗,北京,18-25,本科
S0526,中,48203782.42,色情诈骗,成都,18-25,高中
S0527,中,32880678.55,网络诈骗,武汉,18-25,高中
S0528,中,71573378.16,电话诈骗,重庆,56+,研究生及以上
S0529,中,8936423.43,色情诈骗,广州,56+,本科
S0530,低,13339885.17,投资理财诈骗,北京,18-25,大专
S0531,中,21508870.01,色情诈骗,成都,46-55,大专
S0532,中,59517066.23,短信诈骗,重庆,18-25,本科
S0533,高,500279345.28,色情诈骗,南京,26-35,高中
S0534,高,16906243.73,投资理财诈骗,广州,56+,大专
S0535,中,14311764.62,电话诈骗,上海,56+,高中
S0536,中,160924507.71,投资理财诈骗,北京,36-45,初中及以下
S0537,高,291480479.61,色情诈骗,成都,56+,高中
S0538,中,47149489.31,投资理财诈骗,重庆,36-45,研究生及以上
S0539,高,159682915.69,短信诈骗,南京,56+,大专
S0540,高,42046101.74,短信诈骗,重庆,46-55,初中及以下
S0541,高,2179247252.83,网络诈骗,广州,46-55,本科
S0542,中,7646927.02,短信诈骗,广州,18-25,大专
S0543,高,229417859.8,电话诈骗,深圳,18-25,高中
S0544,低,1620817.03,电话诈骗,深圳,46-55,高中
S0545,低,4928945.85,网络诈骗,北京,26-35,研究生及以上
S0546,高,139343921.03,投资理财诈骗,杭州,36-45,大专
S0547,中,83425511.06,兼职诈骗,苏州,26-35,研究生及以上
S0548,中,20576272.58,投资理财诈骗,苏州,26-35,本科
S0549,中,49736440.96,网络诈骗,广州,46-55,初中及以下
S0550,中,8777572.75,电话诈骗,广州,56+,初中及以下
S0551,中,51133935.72,兼职诈骗,深圳,26-35,研究生及以上
S0552,中,49501579.79,电话诈骗,深圳,36-45,高中
S0553,低,1859876.26,兼职诈骗,杭州,56+,初中及以下
S0554,高,90968094.54,网络诈骗,南京,56+,初中及以下
S0555,低,5299349.81,兼职诈骗,深圳,36-45,大专
S0556,高,23751875.56,投资理财诈骗,南京,36-45,本科
S0557,中,25686848.96,电话诈骗,杭州,18-25,大专
S0558,高,205301674.75,网络诈骗,南京,46-55,研究生及以上
S0559,中,23201440.86,电话诈骗,重庆,36-45,高中
S0560,中,11699436.54,网络诈骗,北京,36-45,高中
S0561,中,53147754.92,网络诈骗,杭州,56+,初中及以下
S0562,中,28541737.09,网络诈骗,广州,46-55,初中及以下
S0563,低,18795231.4,短信诈骗,南京,18-25,高中
S0564,中,80267535.98,色情诈骗,成都,18-25,高中
S0565,低,6301550.96,色情诈骗,深圳,46-55,研究生及以上
S0566,低,3665421.4,网络诈骗,苏州,18-25,初中及以下
S0567,中,52033773.41,投资理财诈骗,上海,18-25,大专
S0568,中,19355499.32,短信诈骗,武汉,26-35,初中及以下
S0569,低,2413851.96,短信诈骗,广州,18-25,初中及以下
S0570,低,7706532.45,短信诈骗,杭州,18-25,研究生及以上
S0571,中,26043449.6,色情诈骗,广州,36-45,本科
S0572,高,86477224.43,短信诈骗,重庆,18-25,本科
S0573,中,7452575.76,色情诈骗,广州,18-25,研究生及以上
S0574,高,182322298.56,色情诈骗,武汉,36-45,高中
S0575,低,7612719.0,网络诈骗,杭州,36-45,研究生及以上
S0576,中,38133695.84,网络诈骗,南京,18-25,研究生及以上
S0577,中,16651555.43,短信诈骗,北京,26-35,初中及以下
S0578,中,28393333.28,兼职诈骗,上海,46-55,初中及以下
S0579,中,100998800.95,色情诈骗,苏州,36-45,研究生及以上
S0580,高,281281582.23,兼职诈骗,武汉,26-35,高中
S0581,低,10716746.39,电话诈骗,北京,26-35,高中
S0582,高,50582258.65,色情诈骗,成都,56+,高中
S0583,中,5214910.71,投资理财诈骗,苏州,36-45,大专
S0584,高,26084627.33,网络诈骗,广州,26-35,本科
S0585,中,14589586.46,短信诈骗,南京,46-55,大专
S0586,中,51079576.49,投资理财诈骗,广州,46-55,大专
S0587,中,108594550.47,色情诈骗,成都,36-45,本科
S0588,高,182095768.68,电话诈骗,深圳,18-25,大专
S0589,高,114701521.02,短信诈骗,武汉,46-55,高中
S0590,中,46446403.99,兼职诈骗,北京,18-25,研究生及以上
S0591,中,23821573.81,网络诈骗,重庆,46-55,初中及以下
S0592,低,2171769.56,电话诈骗,南京,18-25,高中
S0593,高,27839780.16,短信诈骗,杭州,18-25,本科
S0594,低,9565564.57,投资理财诈骗,成都,36-45,高中
S0595,低,14338514.54,网络诈骗,重庆,26-35,本科
S0596,高,14388678.35,网络诈骗,杭州,46-55,初中及以下
S0597,高,26434370.97,短信诈骗,上海,36-45,高中
S0598,中,14380708.5,电话诈骗,苏州,26-35,高中
S0599,低,2714690.58,电话诈骗,南京,18-25,大专
S0600,中,40629102.04,短信诈骗,重庆,18-25,初中及以下
S0601,高,36396106.03,投资理财诈骗,北京,56+,初中及以下
S0602,高,193470418.07,短信诈骗,杭州,26-35,研究生及以上
S0603,低,31619186.98,投资理财诈骗,上海,46-55,大专
S0604,低,17033457.46,投资理财诈骗,上海,26-35,大专
S0605,中,49123612.9,兼职诈骗,南京,46-55,本科
S0606,高,17760831.44,短信诈骗,南京,26-35,初中及以下
S0607,高,49993554.11,兼职诈骗,北京,26-35,本科
S0608,中,24976856.61,短信诈骗,深圳,36-45,大专
S0609,低,71429637.26,网络诈骗,杭州,56+,高中
S0610,低,1512003.18,网络诈骗,苏州,56+,本科
S0611,中,8065283.19,网络诈骗,北京,56+,研究生及以上
S0612,中,15137418.59,短信诈骗,广州,18-25,研究生及以上
S0613,中,39351244.39,短信诈骗,成都,18-25,研究生及以上
S0614,中,38953358.11,兼职诈骗,深圳,56+,初中及以下
S0615,中,36458427.77,投资理财诈骗,上海,18-25,初中及以下
S0616,中,101336561.99,电话诈骗,广州,26-35,高中
S0617,中,12487898.43,电话诈骗,苏州,36-45,本科
S0618,中,40737814.38,短信诈骗,成都,18-25,初中及以下
S0619,中,97869653.35,网络诈骗,上海,26-35,大专
S0620,中,94909962.64,网络诈骗,上海,56+,研究生及以上
S0621,中,70483081.48,电话诈骗,北京,56+,研究生及以上
S0622,中,32792324.04,短信诈骗,苏州,26-35,初中及以下
S0623,低,18848120.45,短信诈骗,成都,36-45,研究生及以上
S0624,中,125469180.55,兼职诈骗,杭州,36-45,高中
S0625,高,229374281.35,网络诈骗,南京,18-25,大专
S0626,高,75405327.75,色情诈骗,成都,56+,大专
S0627,低,7272469.8,短信诈骗,杭州,18-25,高中
S0628,低,877552.35,电话诈骗,武汉,46-55,初中及以下
S0629,中,38563963.74,网络诈骗,上海,26-35,研究生及以上
S0630,低,35842807.14,投资理财诈骗,重庆,56+,大专
S0631,高,18850852.66,短信诈骗,苏州,46-55,大专
S0632,中,7589768.36,短信诈骗,重庆,36-45,大专
S0633,中,45306283.34,网络诈骗,上海,56+,初中及以下
S0634,中,44850693.88,网络诈骗,重庆,26-35,研究生及以上
S0635,中,125973751.09,投资理财诈骗,北京,36-45,研究生及以上
S0636,高,21353310.37,投资理财诈骗,苏州,46-55,初中及以下
S0637,中,11006451.26,短信诈骗,杭州,26-35,本科
S0638,低,7746749.75,兼职诈骗,南京,26-35,本科
S0639,中,12303443.08,短信诈骗,成都,56+,大专
S0640,低,28003513.62,色情诈骗,重庆,46-55,大专
S0641,高,82526804.38,投资理财诈骗,广州,26-35,高中
S0642,低,6819326.27,网络诈骗,南京,18-25,大专
S0643,低,2656716.64,兼职诈骗,杭州,26-35,研究生及以上
S0644,中,99760324.97,色情诈骗,重庆,56+,本科
S0645,中,69201024.68,网络诈骗,武汉,18-25,研究生及以上
S0646,高,149485016.78,色情诈骗,杭州,36-45,研究生及以上
S0647,中,47968417.28,网络诈骗,武汉,36-45,研究生及以上
S0648,中,52890545.08,兼职诈骗,南京,26-35,高中
S0649,中,59721644.81,色情诈骗,深圳,46-55,大专
S0650,低,26953312.66,短信诈骗,重庆,36-45,研究生及以上
